Workbook

Sheet Сокращённый
A1: Домен | B1: База | C1: URL | D1: Запрос | E1: Позиция | F1: Superwsk | G1: Коммерческость | H1: URL ком | I1: Запросный паравозик
A2: ik-gefest.ru | B2: Я+G | C2: ik-gefest.ru/uslugi/elektrolaboratoriya/obsluzhivanie-elektrooborudovaniya/ispytanie-dgu | D2: определение технических характеристик и проверка технического состояния генераторных установок | E2: 1 | F2: 33 | G2: =VLOOKUP(D2,[1]Worksheet!$A:$B,2,) -> 31 | H2: 35 | I2: =VLOOKUP(C2,[2]Сокращённый!$C:$G,5,) -> определение технических характеристик и проверка технического состояния генераторных установок (33) + акт проверки дизель генератора на работоспособность (13) + диагностика дизель генератора (4)
A3: ik-gefest.ru | B3: GOOGLE | C3: ik-gefest.ru/uslugi/elektrolaboratoriya/obsluzhivanie-elektrooborudovaniya/ispytanie-dgu | D3: акт проверки дизель генератора на работоспособность | E3: 8 | F3: 13 | G3: =VLOOKUP(D3,[1]Worksheet!$A:$B,2,) -> 15 | H3: 35 | I3: =VLOOKUP(C3,[2]Сокращённый!$C:$G,5,) -> определение технических характеристик и проверка технического состояния генераторных установок (33) + акт проверки дизель генератора на работоспособность (13) + диагностика дизель генератора (4)
A4: ik-gefest.ru | B4: GOOGLE | C4: ik-gefest.ru/uslugi/elektrolaboratoriya/obsluzhivanie-elektrooborudovaniya/ispytanie-dgu | D4: диагностика дизель генератора | E4: 5 | F4: 4 | G4: =VLOOKUP(D4,[1]Worksheet!$A:$B,2,) -> 60 | H4: 35 | I4: =VLOOKUP(C4,[2]Сокращённый!$C:$G,5,) -> определение технических характеристик и проверка технического состояния генераторных установок (33) + акт проверки дизель генератора на работоспособность (13) + диагностика дизель генератора (4)
A5: vtmehanika.ru | B5: Я+G | C5: vtmehanika.ru/izgotovlenie-korpusov-na-zakaz/izgotovlenie-korpusov-dlya-rea | D5: изготовление корпусов для рэа | E5: 6 | F5: 10 | G5: =VLOOKUP(D5,[1]Worksheet!$A:$B,2,) -> 100 | H5: 95 | I5: =VLOOKUP(C5,[2]Сокращённый!$C:$G,5,) -> изготовление корпусов для рэа (10) + изготовление корпуса для радиоаппаратуры (4) + блок рэа (4)
A6: vtmehanika.ru | B6: YANDEX | C6: vtmehanika.ru/izgotovlenie-korpusov-na-zakaz/izgotovlenie-korpusov-dlya-rea | D6: изготовление корпуса для радиоаппаратуры | E6: 9 | F6: 4 | G6: =VLOOKUP(D6,[1]Worksheet!$A:$B,2,) -> 85 | H6: 95 | I6: =VLOOKUP(C6,[2]Сокращённый!$C:$G,5,) -> изготовление корпусов для рэа (10) + изготовление корпуса для радиоаппаратуры (4) + блок рэа (4)
A7: vtmehanika.ru | B7: GOOGLE | C7: vtmehanika.ru/izgotovlenie-korpusov-na-zakaz/izgotovlenie-korpusov-dlya-rea | D7: блок рэа | E7: 8 | F7: 4 | G7: =VLOOKUP(D7,[1]Worksheet!$A:$B,2,) -> 100 | H7: 95 | I7: =VLOOKUP(C7,[2]Сокращённый!$C:$G,5,) -> изготовление корпусов для рэа (10) + изготовление корпуса для радиоаппаратуры (4) + блок рэа (4)
A8: t-zamer.ru | B8: YANDEX | C8: t-zamer.ru/uslugi/ispytaniya-siz/izoliruyushchikh-kleshchey | D8: клещи электроизмерительные изолирующие периодически испытывают | E8: 4 | F8: 33 | G8: =VLOOKUP(D8,[1]Worksheet!$A:$B,2,) -> 62 | H8: 53 | I8: =VLOOKUP(C8,[2]Сокращённый!$C:$G,5,) -> клещи электроизмерительные изолирующие периодически испытывают (33) + клещи изолирующие периодически испытывают (31) + с какой периодичностью должны проводиться электрические испытания изолирующих клещей до 1000 в (27) + чем должна быть отделена изолирующая часть изолирующих клещей от рукоятки (21) + изолирующие и электроизмерительные клещи (21)
A9: t-zamer.ru | B9: YANDEX | C9: t-zamer.ru/uslugi/ispytaniya-siz/izoliruyushchikh-kleshchey | D9: клещи изолирующие периодически испытывают | E9: 5 | F9: 31 | G9: =VLOOKUP(D9,[1]Worksheet!$A:$B,2,) -> 69 | H9: 53 | I9: =VLOOKUP(C9,[2]Сокращённый!$C:$G,5,) -> клещи электроизмерительные изолирующие периодически испытывают (33) + клещи изолирующие периодически испытывают (31) + с какой периодичностью должны проводиться электрические испытания изолирующих клещей до 1000 в (27) + чем должна быть отделена изолирующая часть изолирующих клещей от рукоятки (21) + изолирующие и электроизмерительные клещи (21)
A10: t-zamer.ru | B10: YANDEX | C10: t-zamer.ru/uslugi/ispytaniya-siz/izoliruyushchikh-kleshchey | D10: с какой периодичностью должны проводиться электрические испытания изолирующих клещей до 1000 в | E10: 2 | F10: 27 | G10: =VLOOKUP(D10,[1]Worksheet!$A:$B,2,) -> 36 | H10: 53 | I10: =VLOOKUP(C10,[2]Сокращённый!$C:$G,5,) -> клещи электроизмерительные изолирующие периодически испытывают (33) + клещи изолирующие периодически испытывают (31) + с какой периодичностью должны проводиться электрические испытания изолирующих клещей до 1000 в (27) + чем должна быть отделена изолирующая часть изолирующих клещей от рукоятки (21) + изолирующие и электроизмерительные клещи (21)
A11: t-zamer.ru | B11: GOOGLE | C11: t-zamer.ru/uslugi/ispytaniya-siz/izoliruyushchikh-kleshchey | D11: изолирующие и электроизмерительные клещи | E11: 6 | F11: 21 | G11: =VLOOKUP(D11,[1]Worksheet!$A:$B,2,) -> 90 | H11: 53 | I11: =VLOOKUP(C11,[2]Сокращённый!$C:$G,5,) -> клещи электроизмерительные изолирующие периодически испытывают (33) + клещи изолирующие периодически испытывают (31) + с какой периодичностью должны проводиться электрические испытания изолирующих клещей до 1000 в (27) + чем должна быть отделена изолирующая часть изолирующих клещей от рукоятки (21) + изолирующие и электроизмерительные клещи (21)
A12: t-zamer.ru | B12: GOOGLE | C12: t-zamer.ru/uslugi/ispytaniya-siz/izoliruyushchikh-kleshchey | D12: чем должна быть отделена изолирующая часть изолирующих клещей от рукоятки | E12: 3 | F12: 21 | G12: =VLOOKUP(D12,[1]Worksheet!$A:$B,2,) -> 8 | H12: 53 | I12: =VLOOKUP(C12,[2]Сокращённый!$C:$G,5,) -> клещи электроизмерительные изолирующие периодически испытывают (33) + клещи изолирующие периодически испытывают (31) + с какой периодичностью должны проводиться электрические испытания изолирующих клещей до 1000 в (27) + чем должна быть отделена изолирующая часть изолирующих клещей от рукоятки (21) + изолирующие и электроизмерительные клещи (21)
A13: ik-gefest.ru | B13: GOOGLE | C13: ik-gefest.ru/uslugi/elektrolaboratoriya/poisk-kabelya/montazh-soedinitelnyh-muft | D13: монтаж кабельной муфты цена | E13: 9 | F13: 15 | G13: =VLOOKUP(D13,[1]Worksheet!$A:$B,2,) -> 100 | H13: 74 | I13: =VLOOKUP(C13,[2]Сокращённый!$C:$G,5,) -> монтаж кабельной муфты цена (15) + монтаж соединительных кабельных муфт (14) + монтаж концевой муфты цена (4)
... A910: ik-gefest.ru | B910: YANDEX | C910: ik-gefest.ru/uslugi/elektrolaboratoriya/elektroizmereniya/izmerenie-udelnogo-soprotivleniya-grunta | D910: удельное сопротивление грунта это | E910: 5 | F910: 24 | G910: =VLOOKUP(D910,[1]Worksheet!$A:$B,2,) -> 30 | H910: 25 | I910: =VLOOKUP(C910,[2]Сокращённый!$C:$G,5,) -> удельное сопротивление грунта (263) + сопротивление земли (50) + определение удельного сопротивления грунта (49) + удельное электрическое сопротивление грунта (44) + удельное сопротивление земли (24)
