Workbook

Sheet Results
A1: Домен | B1: URL | C1: Спецтема | D1: Запросный паравозик | E1: Коммерческость | F1: Видимость | G1: ID | H1: Строка структуры
A2: www.ik-gefest.ru | B2: ik-gefest.ru/price-list-elektromontazhnye-raboty | C2: цены_на_электромонтажные_работы | D2: прайс на электромонтажные работы 2023 цены расценки (40) + замена вилки на проводе цена (38) + розетка компьютерная расценка в смете на монтаж (20) + установка подрозетников в газобетонную стену цена за работу (14) + прайс лист электромонтажных работ 2023 (4) | E2: =VLOOKUP(B2,[1]Сокращённый!$C:$H,6,) -> 89 | F2: =VLOOKUP(B2,[2]Sheet1!$C:$F,4,) -> 848 | G2: 1 | H2: =_xlfn.CONCAT(G2,"@",F2,"@",C2) -> 1@848@цены_на_электромонтажные_работы
A3: www.ingenergrupp.ru | B3: ingenergrupp.ru/razrabotkakm | C3: разработка_км_и_кмд | D3: раздел км (306) + разработка кмд кб (129) + раздел кмд (90) + км и кмд в чем разница (74) + разработка км (52) | E3: =VLOOKUP(B3,[1]Сокращённый!$C:$H,6,) -> 43 | F3: =VLOOKUP(B3,[2]Sheet1!$C:$F,4,) -> 292 | G3: 3 | H3: =_xlfn.CONCAT(G3,"@",F3,"@",C3) -> 3@292@разработка_км_и_кмд
A4: www.ingenergrupp.ru | B4: ingenergrupp.ru/sozdanie-kd | C4: разработка_конструкторской_документации | D4: разработка конструкторской документации (165) + кд это в производстве (147) + разработка кд (50) + разработка конструкторской документации на заказ (35) + разработка кд что это (26) | E4: =VLOOKUP(B4,[1]Сокращённый!$C:$H,6,) -> 51 | F4: =VLOOKUP(B4,[2]Sheet1!$C:$F,4,) -> 290 | G4: 4 | H4: =_xlfn.CONCAT(G4,"@",F4,"@",C4) -> 4@290@разработка_конструкторской_документации
A5: vtmehanika.ru | B5: vtmehanika.ru/izgotovlenie-detalej-na-zakaz/izgotovlenie-detalej-chpu-na-zakaz | C5: изготовление_деталей_на_станках_с_чпу_на_заказ | D5: выточить на станке (76) + токарные работы на чпу на заказ (62) + изготовление деталей на заказ (60) + изготовление деталей из металла на заказ москва штучно (26) + изделия на фрезерном станке (24) | E5: =VLOOKUP(B5,[1]Сокращённый!$C:$H,6,) -> 56 | F5: =VLOOKUP(B5,[2]Sheet1!$C:$F,4,) -> 282 | G5: 6 | H5: =_xlfn.CONCAT(G5,"@",F5,"@",C5) -> 6@282@изготовление_деталей_на_станках_с_чпу_на_заказ
A6: www.t-zamer.ru | B6: t-zamer.ru/uslugi/ispytaniya-siz/dielektricheskikh-perchatok | C6: испытание_диэлектрических_перчаток | D6: с какой периодичностью испытываются диэлектрические перчатки (437) + периодичность испытания диэлектрических перчаток (200) + с какой периодичностью проводится испытание диэлектрических перчаток (137) + проверка диэлектрических перчаток (97) + какая периодичность испытаний установлена для диэлектрических резиновых перчаток (97) | E6: =VLOOKUP(B6,[1]Сокращённый!$C:$H,6,) -> 30 | F6: =VLOOKUP(B6,[2]Sheet1!$C:$F,4,) -> 282 | G6: 7 | H6: =_xlfn.CONCAT(G6,"@",F6,"@",C6) -> 7@282@испытание_диэлектрических_перчаток
A7: t-zamer.ru | B7: t-zamer.ru/uslugi/proverka-zazemleniy | C7: проверка_заземления_в_электролаборатории | D7: замер сопротивления заземления (110) + замер сопротивления контура заземления (85) + проверка контура заземления (76) + замер заземления (55) + измерение сопротивления контура заземления (52) | E7: =VLOOKUP(B7,[1]Сокращённый!$C:$H,6,) -> 38 | F7: =VLOOKUP(B7,[2]Sheet1!$C:$F,4,) -> 265 | G7: 8 | H7: =_xlfn.CONCAT(G7,"@",F7,"@",C7) -> 8@265@проверка_заземления_в_электролаборатории
A8: vtmehanika.ru | B8: vtmehanika.ru/tokarnye-raboty | C8: токарные_работы_по_металлу | D8: токарные работы (1465) + токарные работы по металлу на заказ (300) + токарные работы москва (171) + токарные работы по металлу (171) + токарка по металлу (159) | E8: =VLOOKUP(B8,[1]Сокращённый!$C:$H,6,) -> 70 | F8: =VLOOKUP(B8,[2]Sheet1!$C:$F,4,) -> 243 | G8: 9 | H8: =_xlfn.CONCAT(G8,"@",F8,"@",C8) -> 9@243@токарные_работы_по_металлу
A9: ik-gefest.ru | B9: ik-gefest.ru/uslugi/elektrolaboratoriya/ispytania-sredstv-individualnoi-zashhity-siz | C9: испытания_сиз | D9: испытания сиз (51) + поверка сиз (41) + поверка сиз в электроустановках (22) + поверка сиз по электробезопасности (15) + испытания сиз и поверка средства защиты с протоколом на организацию (14) | E9: =VLOOKUP(B9,[1]Сокращённый!$C:$H,6,) -> 53 | F9: =VLOOKUP(B9,[2]Sheet1!$C:$F,4,) -> 239 | G9: 10 | H9: =_xlfn.CONCAT(G9,"@",F9,"@",C9) -> 10@239@испытания_сиз
A10: ik-gefest.ru | B10: ik-gefest.ru/ceny-proektirovanie | C10: цены_на_проектирование | D10: проект электрики частного дома цена (72) + эом это в электрике (43) + проектирование электроснабжения цена (35) + проект электроснабжения частного дома цена (30) + проект электроснабжения квартиры цена (27) | E10: =VLOOKUP(B10,[1]Сокращённый!$C:$H,6,) -> 69 | F10: =VLOOKUP(B10,[2]Sheet1!$C:$F,4,) -> 231 | G10: 11 | H10: =_xlfn.CONCAT(G10,"@",F10,"@",C10) -> 11@231@цены_на_проектирование
A11: t-zamer.ru | B11: t-zamer.ru/uslugi/pnr | C11: пусконаладочные_работы_электрооборудования | D11: пнр (3261) + пусконаладочные работы цена (611) + пусконаладочные (417) + пнр систем (126) + пнр на электромонтажные работы (86) | E11: =VLOOKUP(B11,[1]Сокращённый!$C:$H,6,) -> 60 | F11: =VLOOKUP(B11,[2]Sheet1!$C:$F,4,) -> 175 | G11: 15 | H11: =_xlfn.CONCAT(G11,"@",F11,"@",C11) -> 15@175@пусконаладочные_работы_электрооборудования
A12: in-cad.ru | B12: in-cad.ru/services/3d-modelling | C12: 3д_модель | D12: изготовление 3 д моделей на заказ (45) + изготовление 3д моделей на заказ (30) + сколько стоит 3д модель на заказ (23) + 3d модель на заказ (21) + услуги 3д моделирования цена (20) | E12: =VLOOKUP(B12,[1]Сокращённый!$C:$H,6,) -> 98 | F12: =VLOOKUP(B12,[2]Sheet1!$C:$F,4,) -> 157 | G12: 17 | H12: =_xlfn.CONCAT(G12,"@",F12,"@",C12) -> 17@157@3д_модель
A13: www.ik-gefest.ru | B13: ik-gefest.ru/ceny | C13: цены_на_услуги_электролаборатории | D13: электролаборатория москва цены на услуги (68) + электролаборатория в москве цены на услуги (58) + измерение сопротивления изоляции цена (53) + стоимость услуг электролаборатории (49) + электролаборатория цены на услуги (49) | E13: =VLOOKUP(B13,[1]Сокращённый!$C:$H,6,) -> 100 | F13: =VLOOKUP(B13,[2]Sheet1!$C:$F,4,) -> 157 | G13: 18 | H13: =_xlfn.CONCAT(G13,"@",F13,"@",C13) -> 18@157@цены_на_услуги_электролаборатории
... A148: mirkb.ru | B148: mirkb.ru/mashinostroitelnye-chertezhi-dlya-proizvodstv | C148: машиностроительные_чертежи_для_производств | D148: машиностроительные чертежи (52) + машиностроительный чертеж (41) + машиностроительный чертеж примеры (16) + чертежи для (16) + чертеж машиностроительный (15) | E148: =VLOOKUP(B148,[1]Сокращённый!$C:$H,6,) -> 0 | F148: =VLOOKUP(B148,[2]Sheet1!$C:$F,4,) -> 22 | G148: 215 | H148: =_xlfn.CONCAT(G148,"@",F148,"@",C148) -> 215@22@машиностроительные_чертежи_для_производств

Sheet Гибридное расширение
A1: Потенциальная страница на расширение | B1: Категория | C1: Предполагаемая категория
A2: 61@75@проектирование_систем_водоснабжения | B2: Услуга + (новая категория) «Инженерные системы» | C2: подкатегория «Проектирование систем водоснабжения»
A3: 167@30@разработка_технической_документации | B3: Услуга + Документация | C3: «разработка технической документации»
A4: 33@116@разработка_технического_задания | B4: Услуга + Документация | C4: новая подкатегория «Разработка ТЗ»
A5: 170@30@согласование_проектной_документации | B5: Услуга + Документация | C5: новая подкатегория «Согласование проектной документации»
A6: 104@50@проверка_электрики_в_квартире | B6: Услуга + Измерительные | C6: «выездная измерительная лаборатория» (или «Проверка электрики»)
A7: 66@73@поиск_кабеля | B7: Услуга + Измерительные | C7: «выездная измерительная лаборатория» (или новая «Поиск кабеля»)
A8: 18@157@цены_на_услуги_электролаборатории | B8: Услуга + Измерительные | C8: «выездная измерительная лаборатория» (либо новая «Услуги электролаборатории»)
A9: 22@138@замеры_сопротивления_изоляции | B9: Услуга + Измерительные | C9: новая подкатегория «Замеры сопротивления изоляции»
A10: 130@39@проверка_систем_молниезащиты | B10: Услуга + Измерительные | C10: новая подкатегория «Проверка систем молниезащиты»
A11: 8@265@проверка_заземления_в_электролаборатории | B11: Услуга + Измерительные | C11: новая подкатегория «Проверка/испытания электрозаземления»
A12: 100@51@спектральный_анализ_металла_и_сплавов_экспертиза_металлов | B12: Услуга + Измерительные | C12: новая подкатегория «Спектральный анализ металлов»
... A40: 39@103@3d_сканирование_цена_услуги_в_санктпетербурге_и_в_москве_услуги_3д_сканирования_деталей_и_объектов | B40: Услуга + Реверсинжиниринг | C40: новая подкатегория «3D сканирование»
A41: 43@95@реверс_инжиниринг_reverse_engineering_обратный_инжиниринг_обратное_проектирование_стоимость_услуги_в_москве_и_санктпетербурге | B41: Услуга + Реверсинжиниринг]
A42: 77@64@испытания_лестниц_и_стремянок | B42: Услуга + Сертификация | C42: (новая) «Испытания продукции/оборудования»
A43: 10@239@испытания_сиз | B43: Услуга + Сертификация | C43: «Испытания СИЗ»
A44: 46@92@испытания_автоматических_выключателей | B44: Услуга + Сертификация | C44: «Испытания электрооборудования» (или новая подкатегория аналогичного названия)
A45: 55@80@испытания_указателей_напряжения | B45: Услуга + Сертификация | C45: «Испытания электрооборудования»
A46: 102@50@испытания_устройств_защитного_отключения_узо | B46: Услуга + Сертификация | C46: «Испытания электрооборудования»
A47: 108@47@испытания_силовых_трансформаторов | B47: Услуга + Сертификация | C47: «Испытания электрооборудования»
A48: 123@42@испытания_устройств_авр | B48: Услуга + Сертификация | C48: «Испытания электрооборудования»
A49: 127@42@электроизмерительные_испытания_клещей | B49: Услуга + Сертификация | C49: «Испытания электрооборудования»
A50: 131@39@электрические_испытания_кабелей | B50: Услуга + Сертификация | C50: «Испытания электрооборудования»
A51: 142@36@испытания_комплектных_трансформаторных_подстанций | B51: Услуга + Сертификация | C51: «Испытания электрооборудования»
A52: 155@33@профилактические_испытания | B52: Услуга + Сертификация | C52: «Испытания электрооборудования»
A53: 156@33@испытание_вводов_до_110_кв | B53: Услуга + Сертификация | C53: «Испытания электрооборудования»
... A72: 1@848@цены_на_электромонтажные_работы | B72: Услуга + Электротехнические | C72: новая подкатегория «Электромонтажные работы»
